first_name,last_name,email,password
Brendan,Vasquez,placerat.Cras.dictum@acmieleifend.ca,GPY10SXT7TE
Alfonso,Nielsen,dolor@justoPraesentluctus.co.uk,SKI49CZM1BQ
Kyle,Gilbert,mattis@purusaccumsan.co.uk,VFK23ABJ3AE
Chester,Mckinney,porttitor.scelerisque@velest.edu,DZQ60OKI9YW
Francis,Christensen,odio.vel.est@molestiearcu.com,ASK14DTF2AK
Anika,Weeks,In.condimentum@necmetus.org,OGP19GFS6NT
Jason,Young,Quisque@Proindolor.co.uk,RXG81VFY4XO
Carl,Buckner,id.risus@erat.org,COE92SJG0CB
Keane,Rivera,per.conubia.nostra@Quisque.net,GQW04NWY6BT
Kendall,Combs,posuere.vulputate.lacus@ataugueid.org,HEL97DEF9TR
Merritt,Stokes,id.sapien@sempererat.com,QVO80ZAW3BY
Aubrey,Mendez,enim.nisl@adipiscinglacusUt.net,RUV80WZA8BQ
Nero,Mcconnell,aliquet@Curae.ca,YDB52EQY0OJ
Bruce,Bird,tempor.bibendum@elit.co.uk,PLW14IPV5JT
Jordan,Sims,diam.nunc@viverraMaecenasiaculis.net,WHS37ZRT6QO
Shea,Dorsey,Sed@massa.edu,CEL24HXN6TK
Winifred,Maxwell,vulputate.velit.eu@adipiscing.edu,JYQ89MKE5II
Cailin,Banks,rutrum.eu@venenatisvelfaucibus.com,AWE19PEU9PP
Samantha,Cardenas,Fusce.aliquet@euneque.co.uk,JXX46BVZ8PZ
Cedric,Bender,massa.Vestibulum@diamSed.ca,IYD43ZAY8NA
Vivian,Frost,arcu.et@miac.co.uk,HYO31WSG6PV
Sybil,Short,ridiculus.mus@Sedmalesuada.ca,PZO07QSR6VQ
Nolan,Kelly,Mauris.vel@nulla.com,JWT26EUG9VE
Jerome,Hess,taciti.sociosqu@Fusce.ca,WRR52SEU2TV
Erin,Kent,Vestibulum@dolordapibusgravida.co.uk,JPY88FPV7YE
Hammett,Kane,at.velit@nonbibendum.ca,GJL82DED6FM
Jameson,Sheppard,tellus.id@a.ca,NFO82IVA8GL
Idona,Russo,dignissim.pharetra@ligulaAenean.org,CFP49OQL9GM
Raphael,Wolfe,massa.Integer.vitae@sit.ca,XIU57THF8MY
Cheryl,Noble,Maecenas@Donecvitaeerat.edu,GZR84CCW8ZS
Abel,Page,ac@enimcondimentum.org,AYW12TAP5WQ
Kasimir,Sanders,litora.torquent.per@maurisblanditmattis.org,IEF32ZJS7VV
Quintessa,Buckley,gravida@Fusce.edu,HGI65WRM7RV
Gannon,Prince,odio@Aliquam.net,UDN32TTQ4SF
Neville,Cochran,ipsum.leo.elementum@facilisisvitae.com,JYO76GBQ8JZ
Linus,Curry,non.feugiat.nec@vitae.com,HCH61OPN6SR
Michael,Gould,sem.Nulla.interdum@nulla.co.uk,GHO80VXI5RV
Amal,Jensen,congue.elit.sed@pretium.edu,ENJ00AZJ5JC
Gareth,Sheppard,Duis.gravida@mieleifendegestas.net,KAB63CNF9FL
Oliver,Gregory,eros@idante.org,OCI29NYY3PZ
Josiah,Ellis,eget.tincidunt@facilisisvitaeorci.edu,XDS21XAY2NE
Wesley,Small,molestie.pharetra.nibh@a.com,URE50GBH5XN
Hadassah,Hall,vitae.orci.Phasellus@Fuscealiquetmagna.edu,IQO85EVE6CZ
Abel,Contreras,In.mi@nibh.ca,TGI48UPX4ES
Alvin,Koch,magna@odioNaminterdum.ca,YUJ90IGY2KZ
Tucker,Rios,pellentesque@nonummy.edu,RXC75UTE7RO
Kimberly,Flynn,non.bibendum@eutellus.org,XZG46PDY6OK
Valentine,Whitney,faucibus.leo@commodo.net,DCX00SCN9NG
Caldwell,Chase,fringilla.est@tortor.edu,FFF75OJG3IS
Xavier,Cantu,ante@lacinia.net,RTH28XSY0AU
Abraham,Mclean,magna@ac.net,CXX19CHW5HJ
Carl,Witt,tristique@lacinia.org,OYA20GBM2GP
Cruz,Moss,ac@orcitinciduntadipiscing.ca,ZXH51EHO5RV
Brock,Newman,non@fermentum.ca,WNY49XNG3PY
Sydney,Boyer,erat@Ut.ca,ZEU01EUK8LI
Ingrid,Cooke,elit.sed@malesuada.net,RDF25EAP6WP
Dane,Mcknight,sit.amet@Namconsequat.org,CIP84CCF5AC
Chaim,Yang,interdum.feugiat.Sed@blanditcongueIn.com,HXX08NSV2FB
Gregory,Blake,ipsum@ac.co.uk,MQL16HZZ3RO
Alvin,Cooper,Nulla.aliquet.Proin@nibhAliquam.ca,NLA69UHW7CA
Darrel,Mays,turpis.egestas.Fusce@ullamcorpermagnaSed.com,DHE00MAI4XU
Rafael,Cohen,egestas.Fusce.aliquet@felis.com,ICH76VNZ7ST
Zelda,Gay,pede@malesuadautsem.com,UNA42QYQ0MO
Lucian,Jensen,at@Nullam.com,AKG93LPB9YJ
Lee,Mendoza,Quisque@quispedeSuspendisse.org,AWR61OHD0DJ
Hannah,Ballard,ipsum.primis@ipsum.edu,LAR95JQB6HD
Ryan,Stewart,et@Utnecurna.ca,WVC50KDJ9JJ
Slade,Patrick,egestas.rhoncus@justo.ca,JWA80XUK1WZ
Vernon,Ross,tortor@magnisdisparturient.ca,BSR50SLH2OB
Channing,Hart,lorem@nuncrisusvarius.net,CII16EEK5ZF
Donovan,Austin,Pellentesque.habitant.morbi@velitinaliquet.net,XGG21QSM7MC
Candace,Thornton,non.dapibus.rutrum@aliquetsem.ca,AGS78XLL5ZB
Hall,Wilkerson,nascetur@diam.ca,PQI05WDW2OA
Addison,Olson,hendrerit.neque@Cras.org,PYX69TIT4JB
Dylan,Byers,orci@nonjusto.com,ICN21GQL1ST
Chiquita,Roberts,metus.In.nec@sitamet.co.uk,DXC12KUQ8LK
Berk,Strong,tortor.dictum@convallisconvallisdolor.net,ZXF97CCU8HC
Sonia,Peterson,Aliquam@diamluctuslobortis.org,TIN99IRG2PU
Shad,Anderson,at.velit.Cras@tempor.edu,YOE94XXE0NN
Dylan,Weber,malesuada.malesuada@molestiesodales.com,LCY78AMH2BC
Ainsley,Goff,In.faucibus.Morbi@elit.org,RUO26XIS7WJ
David,Blackburn,quis@egestasSed.co.uk,UZB30YTN4AP
Gemma,Cook,diam.eu@Donecelementum.co.uk,XOD90TDK1DL
Rhonda,Leach,Quisque.tincidunt@Suspendisse.com,XLR39TOM7ZN
Gage,York,adipiscing@montes.net,HOS82PHD8FK
Ciara,Mosley,tortor.Integer.aliquam@Praesenteu.edu,XUI57DOB6YV
Brent,Bean,eget.varius@loremvitaeodio.edu,NIQ55SMP1QW
Emerald,Acosta,id.libero.Donec@aenim.net,SLQ75OFO6JD
Amber,Holmes,odio.auctor.vitae@etmagnisdis.com,VAD25KWA9MX
Hall,Quinn,gravida.Aliquam.tincidunt@sitamet.org,BGO74FHU3LD
Chantale,Pacheco,vel@convallis.net,TNZ37UCU2AB
Gannon,Alvarez,Suspendisse@blanditcongueIn.net,DIF45DPZ6RS
Declan,Mccarty,risus.odio@maurisSuspendisse.co.uk,UCS76HZZ1LW
Steven,Kennedy,dolor.nonummy.ac@gravidamolestiearcu.co.uk,CTG78NZZ1ZY
Stewart,Irwin,nec.ante.Maecenas@adipiscing.com,BGE94AFH4HT
Beau,Stevenson,mauris.id.sapien@lobortisrisusIn.net,ULU55MWV3NW
Rose,English,metus.vitae@Nuncpulvinararcu.net,TGC80YLZ7JW
Brett,Mccullough,habitant@eliterat.ca,MOJ31JHH3YE
Adrian,Byers,non.lorem@ligula.net,OVD43TZH5UQ
Summer,Waters,egestas.Aliquam.fringilla@tellussem.ca,DDE46LUQ7IT
